Address,Land_Use,Project_Type,Assessed_Value,Stories,Green_SqFt,Est_Cost,Break_Even_Years,UHI_Cooling_kWh,Stormwater_Gal_Yr
5505   DELMAR BLVD,Light Industrial / Manufacturing,Green Roof,4673400,1,47442.242404020675,878960.3632723722,8.822360258075681,118605.60601005169,71163.36360603101
230   CARONDELET COMMONS BLVD,Light Industrial / Manufacturing,Green Roof,14621100,1,37467.0,699406.0,8.889168500026056,93667.5,56200.5
1   IKEA WAY,Light Industrial / Manufacturing,Green Roof,20000000,2,31202.399999999998,586643.2,8.952962104258159,78006.0,46803.6
6700   MANCHESTER AV,Light Industrial / Manufacturing,Green Roof,4197600,1,27081.0,512458.0,9.011026884074408,67702.5,40621.5
601   LOCUST ST,Light Industrial / Manufacturing,Green Roof,3463400,2,20259.899999999998,389678.19999999995,9.159030776018026,50649.74999999999,30389.85
799   CLARK AV,Light Industrial / Manufacturing,Green Roof,11744000,1,18764.980035263852,362769.6406347493,9.205842350840541,46912.45008815963,28147.470052895776
4567   WEST PINE BLVD,Light Industrial / Manufacturing,Green Roof,12360000,1,17279.955603602666,336039.200864848,9.260363322064153,43199.88900900666,25919.933405404
721  S 18TH ST,Light Industrial / Manufacturing,Green Roof,13120000,2,13521.75,268391.5,9.451844338970636,33804.375,20282.625
2807   CLARK AV,Light Industrial / Manufacturing,Green Roof,4074400,3,12986.2,258751.6,9.488152625020993,32465.5,19479.300000000003
2815   SCOTT AV,Light Industrial / Manufacturing,Green Roof,1779400,1,12000.0,241000.0,9.563492063492063,30000.0,18000.0
1500   LAFAYETTE AV,Light Industrial / Manufacturing,Green Roof,1297100,1,10981.5,222667.0,9.655502869544668,27453.75,16472.25
215  S 8TH ST,Light Industrial / Manufacturing,Green Roof,7520000,3,10099.999999999998,206799.99999999997,9.75011786892975,25249.999999999996,15149.999999999996
2319   CHOUTEAU AV,Light Industrial / Manufacturing,Green Roof,1605400,1,10033.5,205603.0,9.75792998217875,25083.75,15050.25
300  S TAYLOR AV,Light Industrial / Manufacturing,Green Roof,1090900,2,8835.0,184030.0,9.918883229579325,22087.5,13252.5
210  N TUCKER BLVD,Light Industrial / Manufacturing,Green Roof,11508800,1,8808.285339593225,183549.13611267804,9.922969926617194,22020.713348983063,13212.428009389838
6500   MANCHESTER AV,Light Industrial / Manufacturing,Green Roof,1600000,1,8676.0,181168.0,9.943577246481812,21690.0,13014.0
1005   CONVENTION PLAZA,Light Industrial / Manufacturing,Green Roof,1700400,2,8431.65,176769.69999999998,9.983342242508598,21079.125,12647.474999999999
1950   OLIVE ST,Light Industrial / Manufacturing,Green Roof,5332300,2,8347.199999999999,175249.59999999998,9.997626806137443,20867.999999999996,12520.8
2709   LOCUST BLVD,Light Industrial / Manufacturing,Green Roof,1474700,1,8254.62535044491,173583.2563080084,10.013621451099393,20636.563376112277,12381.938025667365
4611   CHIPPEWA ST,Light Industrial / Manufacturing,Green Roof,3040000,1,8040.0,169720.0,10.052120350627813,20100.0,12060.0
2020   HAMPTON AV,Light Industrial / Manufacturing,Green Roof,2139100,1,8003.099999999999,169055.8,10.058947395979297,20007.75,12004.65
1001  W HIGHLANDS PLAZA DR,Light Industrial / Manufacturing,Green Roof,5504000,2,7921.349999999999,167584.3,10.074298903475748,19803.375,11882.025
1900 R  MARKET ST,Light Industrial / Manufacturing,Green Roof,24107100,3,7872.099999999999,166697.8,10.08370126928072,19680.25,11808.15
700  N TUCKER BLVD,Light Industrial / Manufacturing,Green Roof,2623000,3,7806.599999999999,165518.8,10.09638974591707,19516.5,11709.9
4701   DELOR ST,Light Industrial / Manufacturing,Green Roof,1954400,1,7325.4,156857.19999999998,10.196563295097164,18313.5,10988.099999999999
1301   OLIVE ST,Light Industrial / Manufacturing,Green Roof,11552000,2,7125.0,153250.0,10.242272347535506,17812.5,10687.5
1021   OAKVIEW PL,Light Industrial / Manufacturing,Green Roof,2421200,2,7042.8,151770.40000000002,10.261773591131234,17607.0,10564.2
6129   CLAYTON AV,Light Industrial / Manufacturing,Green Roof,1817000,3,6816.9,147704.2,10.317788633151924,17042.25,10225.349999999999
4600   CHIPPEWA ST,Light Industrial / Manufacturing,Green Roof,977800,1,6600.0,143800.0,10.375180375180376,16500.0,9900.0
2028   OLIVE ST,Other Commercial,Green Roof,62716000,1,116841.73399138986,2128151.2118450175,10.407979796484325,292104.33497847465,175262.6009870848
816   OLIVE ST,Light Industrial / Manufacturing,Green Roof,1113870,1,6461.179981214511,141301.2396618612,10.413934420108578,16152.949953036277,9691.769971821766
1450  S 2ND ST,Light Industrial / Manufacturing,Green Roof,1151200,2,6432.0,140776.0,10.422293295427625,16080.0,9648.0
3975   PAPIN ST,Light Industrial / Manufacturing,Green Roof,1011600,2,6261.599999999999,137708.8,10.47266178734174,15653.999999999998,9392.4
1126   PINE ST,Light Industrial / Manufacturing,Green Roof,3749800,3,6239.499999999999,137311.0,10.479395861237357,15598.749999999998,9359.249999999998
2222   MARKET ST,Light Industrial / Manufacturing,Green Roof,4196200,2,6223.05,137014.90000000002,10.48443937879183,15557.625,9334.575
1521   PAPIN ST,Light Industrial / Manufacturing,Green Roof,965500,1,6136.8,135462.40000000002,10.511325896542951,15342.0,9205.2
1400  N 13TH ST,Light Industrial / Manufacturing,Green Roof,786900,1,6105.0,134890.0,10.52143052143052,15262.5,9157.5
2321   MCCAUSLAND AV,Light Industrial / Manufacturing,Green Roof,2064000,2,6025.95,133467.09999999998,10.547011160856279,15064.875,9038.925
4471   FOREST PARK AV,Light Industrial / Manufacturing,Green Roof,920700,1,5983.2,132697.59999999998,10.561126710344519,14958.0,8974.8
500   PINE ST,Light Industrial / Manufacturing,Green Roof,2239300,3,5962.5,132325.0,10.568034341619247,14906.25,8943.75
101  N 6TH ST,Light Industrial / Manufacturing,Green Roof,1715900,3,5891.2,131041.59999999999,10.592198856729002,14728.0,8836.8
230  N KINGSHIGHWAY BLVD,Other Commercial,Green Roof,18184540,1,45000.8784429085,835015.811972353,10.603168406167473,112502.19610727124,67501.31766436275
1210   LOCUST ST,Light Industrial / Manufacturing,Green Roof,766300,1,5843.5518494969,130183.9332909442,10.608676158405462,14608.87962374225,8765.32777424535
3700   FOREST PARK AV,General Commercial / Retail,Green Roof,13888000,1,43804.5,813481.0,10.611838640191891,109511.25,65706.75
723  N 23RD ST,Light Industrial / Manufacturing,Green Roof,1051400,2,5807.4,129533.2,10.621358299837482,14518.5,8711.099999999999
815  S 17TH ST,Light Industrial / Manufacturing,Green Roof,916800,1,5617.676938542342,126118.18489376215,10.690589576057453,14044.192346355856,8426.515407813513
4100   FOREST PARK AV,Multi-Family Residential (9+ Units),Green Roof,5791490,1,33493.3029550129,627879.4531902322,10.712238785400158,83733.25738753224,42703.96126764145
414  N 8TH ST,Other Commercial,Green Roof,12240000,1,29612.019061392588,558016.3431050666,10.768143878107045,74030.04765348147,44418.028592088885
1800 R  CLARK AV,Light Industrial / Manufacturing,Green Roof,2293000,2,5374.349999999999,121738.29999999999,10.78653586901096,13435.874999999998,8061.525
3501 R S 2ND ST,Light Industrial / Manufacturing,Green Roof,768000,2,5250.0,119500.0,10.839002267573695,13125.0,7875.0
3660   MARKET ST,General Commercial / Retail,Green Roof,3193600,1,24840.0,472120.0,10.860823556475731,62100.0,37260.0
2211   MARKET ST,Other Commercial,Green Roof,2553600,1,24150.0,459700.0,10.877255249926057,60375.0,36225.0
2911   LACLEDE AV,Light Industrial / Manufacturing,Green Roof,6571000,2,5133.599999999999,117404.79999999999,10.890417566434396,12833.999999999998,7700.4
5875   CHIPPEWA ST,Light Industrial / Manufacturing,Green Roof,1074500,1,5077.5,116395.0,10.916039483247754,12693.75,7616.25
4150   LACLEDE AV,Light Industrial / Manufacturing,Green Roof,606100,1,5070.599999999999,116270.79999999999,10.9192299962623,12676.499999999998,7605.9
1000   MARKET ST,Light Industrial / Manufacturing,Green Roof,1660800,2,4950.599999999999,114110.79999999999,10.976139496318869,12376.499999999998,7425.9
4200   LINDELL BLVD,Light Industrial / Manufacturing,Green Roof,710900,1,4900.5,113209.0,11.00072393001686,12251.25,7350.75
400  S 14TH ST,Multi-Family Residential (9+ Units),Green Roof,4974830,1,19806.675520775414,381520.15937395743,11.006971837024693,49516.68880193854,25253.51128898865
800   PINE ST,Light Industrial / Manufacturing,Green Roof,11744000,3,4881.599999999999,112868.79999999999,11.010129387710508,12203.999999999998,7322.4
2900   CHOUTEAU AV,Light Industrial / Manufacturing,Green Roof,975200,1,4867.5,112615.0,11.017193729058135,12168.75,7301.25
220  S JEFFERSON AV,Light Industrial / Manufacturing,Green Roof,1860100,2,4828.2,111907.59999999999,11.037101473288873,12070.5,7242.299999999999
423   LYNCH ST,Light Industrial / Manufacturing,Green Roof,2779300,2,4762.5,110725.0,11.071116110486189,11906.25,7143.75
215   YORK AV,Light Industrial / Manufacturing,Green Roof,6583200,1,4687.662601037982,109377.92681868369,11.111023017096622,11719.156502594957,7031.4939015569735
4   HAMPTON VILLAGE PLAZA,Light Industrial / Manufacturing,Green Roof,3075900,2,4680.599999999999,109250.79999999999,11.114855034865291,11701.499999999998,7020.9
2760  S 1ST ST,General Commercial / Retail,Green Roof,2782400,1,16800.0,327400.0,11.136054421768707,42000.0,25200.0
601   WASHINGTON AV,Other Commercial,Green Roof,10235000,1,16467.057863052392,321407.04153494304,11.15324717498454,41167.64465763098,24700.586794578587
1510   DELMAR BLVD,Multi-Family Residential (9+ Units),Green Roof,3021990,1,16064.875982086156,314167.7676775508,11.174965737243959,40162.18995521539,20482.716877159848
418  S TUCKER BLVD,Light Industrial / Manufacturing,Green Roof,1306500,3,4536.5,106657.0,11.19564589861074,11341.25,6804.75
5227   NORTHRUP AV,General Commercial / Retail,Green Roof,1840000,1,15300.0,300400.0,11.219421101774042,38250.0,22950.0
4900   MANCHESTER AV,General Commercial / Retail,Green Roof,1677400,1,15000.0,295000.0,11.238095238095237,37500.0,22500.0
1530   LAFAYETTE AV,Light Industrial / Manufacturing,Green Roof,605300,1,4446.0,105028.0,11.249062828010196,11115.0,6669.0
1105   PESTALOZZI ST,General Commercial / Retail,Green Roof,1700300,1,14713.8,289848.39999999997,11.256620121440902,36784.5,22070.699999999997
3500   DEKALB ST,General Commercial / Retail,Green Roof,1876800,2,14662.35,288922.3,11.260027017692058,36655.875,21993.525
4401   PAGE BLVD,Light Industrial / Manufacturing,Green Roof,598100,1,4414.8,104466.40000000001,11.26798603830406,11037.0,6622.200000000001
800   CHOUTEAU AV,Light Industrial / Manufacturing,Green Roof,1830300,2,4394.4,104099.2,11.280504191481802,10986.0,6591.599999999999
4914   DAGGETT AV,Other Commercial,Green Roof,1854400,1,14280.6,282050.80000000005,11.286072413924186,35701.5,21420.9
1320  N JEFFERSON AV,Light Industrial / Manufacturing,Green Roof,1190800,1,4359.599999999999,103472.79999999999,11.302129072566728,10898.999999999998,6539.4
4565   MCREE AV,General Commercial / Retail,Green Roof,1749800,1,13884.0,274912.0,11.314647898917562,34710.0,20826.0
5300   NATURAL BRIDGE AV,General Commercial / Retail,Green Roof,1735900,1,13531.8,268572.4,11.341428550314289,33829.5,20297.699999999997
4101   CLAYTON AV,Light Industrial / Manufacturing,Green Roof,7339300,3,4290.0,102220.0,11.346431346431347,10725.0,6435.0
5415   PAGE BLVD,Light Industrial / Manufacturing,Green Roof,823200,2,4194.3,100497.40000000001,11.409747696136366,10485.75,6291.450000000001
4401   CLAYTON AV,Light Industrial / Manufacturing,Green Roof,3650100,2,4173.0,100114.0,11.42423516255292,10432.5,6259.5
1520   WASHINGTON AV,Multi-Family Residential (9+ Units),Green Roof,3094350,1,12154.5233915822,243781.4210484796,11.461055664842988,30386.3084789555,15497.017324267303
2601   MARKET ST,Light Industrial / Manufacturing,Green Roof,716800,3,4081.0,98458.0,11.48854739151235,10202.5,6121.5
543  S EWING AV,General Commercial / Retail,Green Roof,3283700,2,11840.4,238127.19999999998,11.492237231367666,29601.0,17760.6
5939   GOODFELLOW BLVD,Light Industrial / Manufacturing,Green Roof,500500,1,4014.0,97252.0,11.537238712126605,10035.0,6021.0
2211  S GRAND BLVD,Multi-Family Residential (9+ Units),Green Roof,1484500,1,11320.669258870748,228772.04665967348,11.54762857355731,28301.673147176873,14433.853305060202
409  N TUCKER BLVD,Other Commercial,Green Roof,1136850,1,11240.340759592664,227326.13367266796,11.556646777108968,28100.85189898166,16860.511139388997
2801   BUSCH PL,Light Industrial / Manufacturing,Green Roof,7444800,3,3972.4999999999995,96504.99999999999,11.568222002457372,9931.249999999998,5958.749999999999
3930   MCPHERSON AV,Light Industrial / Manufacturing,Green Roof,627300,1,3967.5,96415.0,11.571998679749152,9918.75,5951.25
210  N 17TH ST,Multi-Family Residential (9+ Units),Green Roof,1566720,1,10942.66261303994,221967.92703471892,11.591220522257716,27356.65653259985,13951.894831625923
4100   GRAVOIS AV,Light Industrial / Manufacturing,Green Roof,592200,1,3870.0,94660.0,11.647594438292113,9675.0,5805.0
7320   GRAVOIS AV,Light Industrial / Manufacturing,Green Roof,592100,1,3870.0,94660.0,11.647594438292113,9675.0,5805.0
2727   WASHINGTON BLVD,Light Industrial / Manufacturing,Green Roof,543600,1,3849.6,94292.8,11.663895816015517,9624.0,5774.4
3621   PAGE BLVD,Light Industrial / Manufacturing,Green Roof,1600000,1,3840.0,94120.0,11.671626984126984,9600.0,5760.0
5243   SHAW AV,Light Industrial / Manufacturing,Green Roof,919200,2,3837.6,94076.8,11.673565819907283,9594.0,5756.4
1110   ARSENAL ST,Light Industrial / Manufacturing,Green Roof,760600,3,3825.0,93850.0,11.683784624961095,9562.5,5737.5
412  N 8TH ST,Light Industrial / Manufacturing,Green Roof,992000,2,3824.1,93833.8,11.68451711638344,9560.25,5736.15
169  E GRAND AV,Other Commercial,Green Roof,4203100,2,9871.199999999999,202681.59999999998,11.732925798571312,24677.999999999996,14806.8
501  N GRAND BLVD,Light Industrial / Manufacturing,Green Roof,691400,1,3702.4054695995783,91643.29845279241,11.786841362521232,9256.013673998947,5553.608204399367
901  N 10TH ST,Light Industrial / Manufacturing,Green Roof,1344000,2,3697.5,91555.0,11.7911072474967,9243.75,5546.25
3601   LINDELL BLVD,Other Commercial,Green Roof,1064530,1,9488.730036379604,195797.14065483288,11.791259730778394,23721.82509094901,14233.095054569407
3300  S 2ND ST,General Commercial / Retail,Green Roof,1083500,1,9360.0,193480.0,11.811965811965813,23400.0,14040.0
2020   WASHINGTON AV,Multi-Family Residential (9+ Units),Green Roof,2639790,1,9330.013126566197,192940.23627819153,11.81687121892773,23325.032816415493,11895.7667363719
4401   MANCHESTER AV,Light Industrial / Manufacturing,Green Roof,1634800,1,3600.0,89800.0,11.878306878306878,9000.0,5400.0
4200   LACLEDE AV,Multi-Family Residential (9+ Units),Green Roof,1380260,1,8693.507804413222,181483.140479438,11.928976661169013,21733.769511033057,11084.222450626858
2   PHARMACY PL,Light Industrial / Manufacturing,Green Roof,2495600,2,3510.0,88180.0,11.963098629765296,8775.0,5265.0
2909   LACLEDE AV,Light Industrial / Manufacturing,Green Roof,561200,1,3507.6,88136.79999999999,11.965419307191457,8769.0,5261.4
621  N SKINKER BLVD,Light Industrial / Manufacturing,Green Roof,2682400,2,3492.75,87869.5,11.979849415967088,8731.875,5239.125
1611   LOCUST ST,Multi-Family Residential (9+ Units),Green Roof,3095650,1,8385.13517089021,175932.43307602376,11.989409455150373,20962.837927225522,10691.047342885018
315  N 11TH ST,Light Industrial / Manufacturing,Green Roof,1615560,1,3462.436221192755,87323.85198146959,12.009690287816492,8656.090552981888,5193.654331789133
3728   MARKET ST,General Commercial / Retail,Green Roof,4945500,2,8258.699999999999,173656.59999999998,12.015491888207933,20646.749999999996,12388.05
2665   SCOTT AV,Light Industrial / Manufacturing,Green Roof,1367400,2,3427.35,86692.29999999999,12.044888213648331,8568.375,5141.025
2727  N KINGSHIGHWAY MEMORIAL BLVD,Light Industrial / Manufacturing,Green Roof,510800,2,3426.2999999999997,86673.4,12.045952665863357,8565.75,5139.45
900  N TUCKER BLVD,Light Industrial / Manufacturing,Green Roof,5194800,3,3371.7,85690.6,12.102217759304692,8429.25,5057.549999999999
6900   NOONAN AV,General Commercial / Retail,Green Roof,1359200,1,7761.299999999999,164703.4,12.126348494637314,19403.25,11641.949999999999
5035   MANCHESTER AV,Other Commercial,Green Roof,1053400,1,7747.5,164455.0,12.129627068639653,19368.75,11621.25
3765   FOUNDRY WAY,Light Industrial / Manufacturing,Green Roof,4103100,2,3344.1,85193.79999999999,12.1313585689651,8360.25,5016.15
4725   MCPHERSON AV,Light Industrial / Manufacturing,Green Roof,445800,1,3343.6185515547572,85185.13392798563,12.131871164147853,8359.046378886893,5015.427827332136
6124  N BROADWAY,Light Industrial / Manufacturing,Green Roof,1816400,1,3337.7999999999997,85080.4,12.138077832846843,8344.5,5006.7
4554   LACLEDE AV,Multi-Family Residential (9+ Units),Green Roof,1360880,1,7630.695523356707,162352.51942042072,12.157852184807142,19076.73880839177,9729.136792279802
4300   DUNCAN AV,Light Industrial / Manufacturing,Green Roof,10648600,2,3315.75,84683.5,12.16179633279837,8289.375,4973.625
4649   SHAW BLVD,Light Industrial / Manufacturing,Green Roof,1326300,2,3313.35,84640.29999999999,12.16439698851759,8283.375,4970.025
1300  S 3RD ST,Light Industrial / Manufacturing,Green Roof,795300,2,3293.25,84278.5,12.186326287897684,8233.125,4939.875
816   CHECKERBOARD SQUARE,Light Industrial / Manufacturing,Green Roof,2112000,3,3286.7,84160.6,12.193530346693096,8216.75,4930.049999999999
324   DEBALIVIERE AV,Light Industrial / Manufacturing,Green Roof,665600,1,3284.1,84113.79999999999,12.196397940437402,8210.25,4926.15
5021   BENEDICT AV,Other Commercial,Green Roof,1208000,1,7452.0,159136.0,12.202745188252434,18630.0,11178.0
1110  E HIGHLANDS PLAZA DR,Light Industrial / Manufacturing,Green Roof,4663700,2,3233.7,83206.6,12.25289621059173,8084.25,4850.549999999999
915   OLIVE ST,Multi-Family Residential (9+ Units),Green Roof,7490960,1,7163.350329605824,153940.30593290483,12.279992609178661,17908.37582401456,9133.271670247424
521  N GRAND BLVD,Other Commercial,Green Roof,1030300,1,7030.0522427648875,151540.94036976798,12.31780647968293,17575.13060691222,10545.078364147332
1209   WASHINGTON AV,Multi-Family Residential (9+ Units),Green Roof,2262670,1,6975.677121848132,150562.18819326637,12.333646556112924,17439.19280462033,8893.98833035637
4540   LACLEDE AV,Multi-Family Residential (9+ Units),Green Roof,1442580,1,6815.437450742303,147677.87411336147,12.381796069013225,17038.593626855756,8689.682749696436
1300   HAMPTON AV,Light Industrial / Manufacturing,Green Roof,551100,2,3098.25,80768.5,12.413843452332923,7745.625,4647.375
4260   FOREST PARK AV,Light Industrial / Manufacturing,Green Roof,3695000,2,3093.45,80682.1,12.419805595386261,7733.625,4640.174999999999
721  N 17TH ST,Multi-Family Residential (9+ Units),Green Roof,1425850,1,6663.212587114134,144937.8265680544,12.429682243954304,16658.031467785335,8495.596048570522
329 R S BROADWAY,Other Commercial,Green Roof,8047800,2,6634.65,144423.7,12.438912161369263,16586.625,9951.974999999999
2700   PINE ST,Light Industrial / Manufacturing,Green Roof,4080000,4,3050.5499999999997,79909.9,12.473925466992291,7626.374999999999,4575.825
1015   WASHINGTON AV,Multi-Family Residential (9+ Units),Green Roof,2249660,1,6480.532629894344,141649.58733809818,12.490118630476791,16201.33157473586,8262.679103115288
415  N 10TH ST,Light Industrial / Manufacturing,Green Roof,2012900,1,3018.6747830442027,79336.14609479565,12.515133263179589,7546.686957610507,4528.012174566304
1113   WASHINGTON AV,Multi-Family Residential (9+ Units),Green Roof,2603880,1,6386.174420999237,139951.13957798627,12.522689561356541,15965.436052498091,8142.372386774027
4175  N KINGSHIGHWAY MEMORIAL BLVD,Light Industrial / Manufacturing,Green Roof,1120900,2,3000.0,79000.0,12.53968253968254,7500.0,4500.0
5232   DELMAR BLVD,Light Industrial / Manufacturing,Green Roof,446600,1,2990.7,78832.6,12.552022380490634,7476.75,4486.049999999999
3180   BERNARD ST,Light Industrial / Manufacturing,Green Roof,1116900,2,2982.1507815730815,78678.71406831546,12.563433931560681,7455.376953932704,4473.226172359622
501  N BROADWAY,Light Industrial / Manufacturing,Green Roof,8000000,4,2980.275,78644.95000000001,12.565946495030223,7450.6875,4470.4125
5711   WEST PARK AV,General Commercial / Retail,Green Roof,687800,2,6220.8,136974.40000000002,12.58215755437978,15552.0,9331.2
415 R S 18TH ST,Light Industrial / Manufacturing,Green Roof,1351100,2,2856.0,76408.0,12.739762571695346,7140.0,4284.0
1111   OLIVE ST,Light Industrial / Manufacturing,Green Roof,1583600,2,2831.5499999999997,75967.9,12.775755496526806,7078.874999999999,4247.325
5801   WILSON AV,General Commercial / Retail,Green Roof,1585600,2,5716.5,127897.0,12.784745910959503,14291.25,8574.75
1805   PARK AV,Multi-Family Residential (9+ Units),Green Roof,730420,1,5599.74061074354,125795.33099338372,12.836852861366525,13999.351526858849,7139.669278698014
2727   HEREFORD ST,Light Industrial / Manufacturing,Green Roof,638700,1,2790.0,75220.0,12.83836832223929,6975.0,4185.0
2207   WASHINGTON AV,Multi-Family Residential (9+ Units),Green Roof,1455790,1,5573.62966133884,125325.33390409913,12.848804256475407,13934.074153347101,7106.377818207021
1703   WASHINGTON AV,Light Industrial / Manufacturing,Green Roof,1060360,1,2761.578255709451,74708.40860277011,12.882283018572805,6903.9456392736265,4142.367383564177
3501  N KINGSHIGHWAY MEMORIAL BLVD,Light Industrial / Manufacturing,Green Roof,528400,1,2760.0,74680.0,12.884748102139406,6900.0,4140.0
200  N 7TH ST,Light Industrial / Manufacturing,Green Roof,1200000,3,2747.865328810331,74461.57591858596,12.90379587485679,6869.663322025827,4121.797993215497
1150  S 3RD ST,General Commercial / Retail,Green Roof,1971300,2,5339.4,121109.2,12.961242301168136,13348.5,8009.099999999999
615   OLIVE ST,Light Industrial / Manufacturing,Green Roof,2623100,6,2710.9,73796.20000000001,12.962871230605197,6777.25,4066.3500000000004
511   WASHINGTON AV,Light Industrial / Manufacturing,Green Roof,2211900,3,2709.4999999999995,73771.0,12.965140291215215,6773.749999999999,4064.249999999999
7339   GRAVOIS AV,Other Commercial,Green Roof,606200,1,5316.0,120688.0,12.973019456089434,13290.0,7974.0
6012  S BROADWAY,General Commercial / Retail,Green Roof,615000,2,5305.5,120499.0,12.978337843477792,13263.75,7958.25
420   GIMBLIN RD,Other Commercial,Green Roof,1027200,1,5304.0,120472.0,12.979099332040509,13260.0,7956.0
4926   FOREST PARK AV,Other Commercial,Green Roof,682000,1,5299.226836819512,120386.08306275122,12.981525339971455,13248.06709204878,7948.840255229268
1004   SPRUCE ST,Multi-Family Residential (9+ Units),Green Roof,1758400,1,5291.301039642652,120243.41871356773,12.9855633736201,13228.252599106629,6746.408825544381
703  N 13TH ST,Multi-Family Residential (9+ Units),Green Roof,1409490,1,5270.073951518331,119861.33112732996,12.996437971403461,13175.184878795828,6719.344288185873
8001   VAN BUREN ST,General Commercial / Retail,Green Roof,616300,1,5249.687329650573,119494.37193371031,13.006964788582838,13124.218324126432,7874.530994475859
620   MARKET ST,Light Industrial / Manufacturing,Green Roof,512000,2,2673.0,73114.0,13.025136728840431,6682.5,4009.5
901   WASHINGTON AV,Multi-Family Residential (9+ Units),Green Roof,3166810,1,5156.596020480629,117818.72836865133,13.056091144590807,12891.490051201572,6574.659926112801
11050   RIVERVIEW DR,Light Industrial / Manufacturing,Green Roof,429000,1,2623.5,72223.0,13.109168958225563,6558.75,3935.25
4245   FOREST PARK AV,Light Industrial / Manufacturing,Green Roof,1119800,2,2601.2999999999997,71823.4,13.14789491701036,6503.249999999999,3901.95
3846  S GRAND BLVD,Light Industrial / Manufacturing,Green Roof,585500,1,2592.0,71656.0,13.164315108759554,6480.0,3888.0
2340   59TH ST,General Commercial / Retail,Green Roof,734200,2,4942.5,113965.0,13.176096538767252,12356.25,7413.75
1316  S 7TH BLVD,General Commercial / Retail,Green Roof,744300,2,4841.7,112150.59999999999,13.23627179355539,12104.25,7262.549999999999
2201   LOCUST ST,Multi-Family Residential (9+ Units),Green Roof,726340,1,4805.672551386188,111502.1059249514,13.258391706607975,12014.181378465471,6127.23250301739
702  N KINGSHIGHWAY BLVD,Other Commercial,Green Roof,630600,1,4780.8,111054.40000000001,13.273857334098299,11952.0,7171.200000000001
700  S TUCKER BLVD,Light Industrial / Manufacturing,Green Roof,481800,2,2524.0499999999997,70432.9,13.287960298122538,6310.124999999999,3786.075
4810   WASHINGTON BLVD,Light Industrial / Manufacturing,Green Roof,499600,2,2518.0499999999997,70324.9,13.299198832051635,6295.124999999999,3777.075
101   ANGELRODT ST,Other Commercial,Green Roof,1147200,1,4716.0,109888.0,13.314915788198231,11790.0,7074.0
3545   HARTFORD ST,Light Industrial / Manufacturing,Green Roof,543100,1,2492.4,69863.20000000001,13.347853665619677,6231.0,3738.6000000000004
1511   LOCUST ST,Multi-Family Residential (9+ Units),Green Roof,1932950,1,4626.998461872358,108285.97231370246,13.373183279584113,11567.496154680895,5899.4230388872575
2200   WASHINGTON AV,Light Industrial / Manufacturing,Green Roof,818100,2,2472.0,69496.0,13.387270765911543,6180.0,3708.0
133  E KRAUSS ST,General Commercial / Retail,Green Roof,680700,1,4590.0,107620.0,13.398070339246809,11475.0,6885.0
1132   WASHINGTON AV,Multi-Family Residential (9+ Units),Green Roof,3607650,1,4589.6610981511585,107613.89976672086,13.398300156481294,11474.152745377896,5851.817900142727
4909   LACLEDE AV,Multi-Family Residential (9+ Units),Green Roof,696550,1,4577.745130556965,107399.41235002536,13.406402283470108,11444.362826392411,5836.62504146013
4929   UNION BLVD,Light Industrial / Manufacturing,Green Roof,368100,1,2455.5,69199.0,13.419631342661274,6138.75,3683.25
2927  S KINGSHIGHWAY BLVD,Other Commercial,Green Roof,580500,1,4536.0,106648.0,13.435122197026958,11340.0,6804.0
4750 A  MCPHERSON AV,Other Commercial,Green Roof,682070,1,4488.212234286585,105787.82021715853,13.468655185117862,11220.530585716462,6732.318351429878
2500  S JEFFERSON AV,Light Industrial / Manufacturing,Green Roof,473200,1,2421.9,68594.20000000001,13.486892424090495,6054.75,3632.8500000000004
5700   OAKLAND AV,Light Industrial / Manufacturing,Green Roof,2683200,2,2418.75,68537.5,13.493293958410238,6046.875,3628.125
1301  N 6TH ST,Light Industrial / Manufacturing,Green Roof,436200,3,2412.5,68425.0,13.506044905008636,6031.25,3618.75
3720  N KINGSHIGHWAY MEMORIAL BLVD,Other Commercial,Green Roof,528000,1,4421.7,104590.59999999999,13.51653371844701,11054.25,6632.549999999999
4217   CUSTOM STEEL DR,General Commercial / Retail,Green Roof,1420100,3,4410.0,104380.0,13.52510528020732,11025.0,6615.0
104  N BEAUMONT ST,Light Industrial / Manufacturing,Green Roof,7040000,5,2395.5,68119.0,13.541064098359026,5988.75,3593.25
5500   WEST PARK AV,General Commercial / Retail,Green Roof,800000,1,4386.3,103953.40000000001,13.542608316153217,10965.75,6579.450000000001
607  N GRAND BLVD,Light Industrial / Manufacturing,Green Roof,1082330,1,2389.8780241802974,68017.80443524534,13.552754724609592,5974.695060450744,3584.817036270446
4440   OLIVE ST,Multi-Family Residential (9+ Units),Green Roof,665120,1,4358.890626184747,103460.03127132544,13.563088166099602,10897.226565461868,5557.585548385552
4210   FOREST PARK AV,Light Industrial / Manufacturing,Green Roof,805600,2,2372.4,67703.20000000001,13.589453316312197,5931.0,3558.6000000000004
4550   GUSTINE AV,General Commercial / Retail,Green Roof,544000,1,4320.0,102760.0,13.592592592592593,10800.0,6480.0
901   CONVENTION PLAZA,Other Commercial,Green Roof,2399300,3,4319.099999999999,102743.79999999999,13.593281669130803,10797.749999999998,6478.65
1814   OLIVE ST,Light Industrial / Manufacturing,Green Roof,477500,3,2355.2,67393.6,13.626099896480335,5888.0,3532.7999999999997
4229   LINDELL BLVD,Light Industrial / Manufacturing,Green Roof,709100,2,2355.0,67390.0,13.626529167930443,5887.5,3532.5
317  S 16TH ST,Light Industrial / Manufacturing,Green Roof,3066100,3,2336.7,67060.6,13.66611847803272,5841.75,3505.0499999999997
1350  S KINGSHIGHWAY BLVD,General Commercial / Retail,Green Roof,589800,1,4203.0,100654.0,13.684647020835458,10507.5,6304.5
900   SPRUCE ST,Light Industrial / Manufacturing,Green Roof,1685000,3,2318.7999999999997,66738.4,13.705446988179435,5796.999999999999,3478.2
410  N JEFFERSON AV,Multi-Family Residential (9+ Units),Green Roof,1145070,1,4103.577362784906,98864.3925301283,13.76699732798627,10258.943406962264,5232.061137550755
3600  N 2ND ST,Other Commercial,Green Roof,2525200,1,4089.6,98612.8,13.778895595797005,10224.0,6134.4
822   LOUGHBOROUGH AV,Light Industrial / Manufacturing,Green Roof,383600,1,2286.0,66148.0,13.779110944465277,5715.0,3429.0
6411   CHIPPEWA ST,Light Industrial / Manufacturing,Green Roof,608000,1,2283.0,66094.0,13.785954153891078,5707.5,3424.5
2300   LOCUST ST,Light Industrial / Manufacturing,Green Roof,1550200,3,2264.0,65752.0,13.829715631835775,5660.0,3396.0
2500   59TH ST,Other Commercial,Green Roof,584000,1,4017.0,97306.0,13.842028521640172,10042.5,6025.5
2633   HAMPTON AV,Light Industrial / Manufacturing,Green Roof,405200,1,2250.0,65500.0,13.862433862433862,5625.0,3375.0
5235   MANCHESTER AV,General Commercial / Retail,Green Roof,963900,1,3993.6,96884.8,13.862866300366301,9984.0,5990.4
4573   LACLEDE AV,Light Industrial / Manufacturing,Green Roof,338500,1,2239.2,65305.6,13.887953180557686,5598.0,3358.7999999999997
1635   WASHINGTON AV,Multi-Family Residential (9+ Units),Green Roof,2382140,1,3958.982223514742,96261.68002326536,13.894145311462006,9897.455558786856,5047.702334981296
2329   MARKET ST,Light Industrial / Manufacturing,Green Roof,2016100,2,2226.2999999999997,65073.399999999994,13.918759077093533,5565.749999999999,3339.45
3010   LOCUST BLVD,Multi-Family Residential (9+ Units),Green Roof,737960,1,3873.030283783193,94714.54510809747,13.974225151619503,9682.575709457982,4938.113611823571
1501   LOCUST ST,Multi-Family Residential (9+ Units),Green Roof,3087010,1,3840.657687511769,94131.83837521184,14.005315314508266,9601.644218779422,4896.838551577505
4220   DUNCAN AV,General Commercial / Retail,Green Roof,10471100,3,3831.7,93970.59999999999,14.01401093882238,9579.25,5747.549999999999
2351   MARKET ST,Light Industrial / Manufacturing,Green Roof,1312000,2,2165.4,63977.200000000004,14.06914811736092,5413.5,3248.1000000000004
822 R  LOUGHBOROUGH AV,Light Industrial / Manufacturing,Green Roof,328600,1,2144.1,63593.799999999996,14.123763772567466,5360.25,3216.1499999999996
1601   WASHINGTON AV,Multi-Family Residential (9+ Units),Green Roof,1755270,1,3716.035050596563,91888.63091073814,14.130057541685698,9290.087626491408,4737.9446895106175
831  S 21ST ST,General Commercial / Retail,Green Roof,1347500,2,3712.0499999999997,91816.9,14.134184614970165,9280.125,5568.075
706   MARKET ST,Light Industrial / Manufacturing,Green Roof,4960000,3,2137.5,63475.0,14.14090782511835,5343.75,3206.25
6500   CHIPPEWA ST,Light Industrial / Manufacturing,Green Roof,584900,2,2125.5,63259.0,14.172351603544264,5313.75,3188.25
4327   GUSTINE AV,Light Industrial / Manufacturing,Green Roof,1760000,1,2112.0,63016.0,14.208152958152958,5280.0,3168.0
4901   WASHINGTON BLVD,Multi-Family Residential (9+ Units),Green Roof,934690,1,3614.3398897483935,90058.11801547109,14.238224210481977,9035.849724370984,4608.2833594292015
2503  N JEFFERSON AV,General Commercial / Retail,Green Roof,462800,2,3598.65,89775.70000000001,14.255456907451407,8996.625,5397.975
1219   WASHINGTON AV,Light Industrial / Manufacturing,Green Roof,858670,1,2071.6771929542138,62290.18947317585,14.317865296826753,5179.192982385534,3107.5157894313206
1920   PARK AV,Light Industrial / Manufacturing,Green Roof,405570,1,2064.327994894485,62157.90390810073,14.33832314157676,5160.819987236213,3096.4919923417274
1015   LOCUST ST,Light Industrial / Manufacturing,Green Roof,1142400,4,2056.275,62012.950000000004,14.360908045118574,5140.6875,3084.4125000000004
4050   LINDELL BLVD,Light Industrial / Manufacturing,Green Roof,1461500,3,2039.4999999999998,61710.99999999999,14.40852683314071,5098.749999999999,3059.2499999999995
3301  S KINGSHIGHWAY BLVD,Light Industrial / Manufacturing,Green Roof,710600,2,2007.6,61136.799999999996,14.501276103188836,5019.0,3011.3999999999996
3201   CHOUTEAU AV,General Commercial / Retail,Green Roof,5185600,2,3376.0499999999997,85768.9,14.517202055656758,8440.125,5064.075
2500   ABBOTT PL,Light Industrial / Manufacturing,Green Roof,673800,2,1999.9499999999998,60999.1,14.523958337053665,4999.875,2999.9249999999997
2315   LOCUST ST,Light Industrial / Manufacturing,Green Roof,1739500,2,1993.6499999999999,60885.7,14.542768528172184,4984.125,2990.475
1121   LOCUST ST,Multi-Family Residential (9+ Units),Green Roof,953540,1,3343.7165817761734,85186.89847197113,14.558120136010892,8359.291454440434,4263.23864176462
333  S 18TH ST,Light Industrial / Manufacturing,Green Roof,507500,2,1982.3999999999999,60683.2,14.576655520965447,4956.0,2973.6
1600   GRATIOT ST,Light Industrial / Manufacturing,Green Roof,563400,1,1970.1,60461.799999999996,14.61414818198738,4925.25,2955.1499999999996
2455   KOSCIUSKO ST,General Commercial / Retail,Green Roof,1166000,2,3249.0,83482.0,14.682671591258849,8122.5,4873.5
1100   CLARK AV,General Commercial / Retail,Green Roof,704000,1,3249.0,83482.0,14.682671591258849,8122.5,4873.5
2710   LAFAYETTE AV,Light Industrial / Manufacturing,Green Roof,386500,2,1927.9499999999998,59703.1,14.746257744779493,4819.875,2891.9249999999997
5412   HAMPTON AV,Light Industrial / Manufacturing,Green Roof,297200,1,1897.8,59160.4,14.844356121624537,4744.5,2846.7
1101   OFALLON ST,Light Industrial / Manufacturing,Green Roof,450700,1,1866.8999999999999,58604.2,14.948182497595964,4667.25,2800.35
1040   GRATIOT ST,General Commercial / Retail,Green Roof,2256000,3,3060.0,80080.0,14.954248366013072,7650.0,4590.0
2625   LAFAYETTE AV,Other Commercial,Green Roof,446400,2,3038.7,79696.6,14.986972812621941,7596.75,4558.049999999999
301  N TUCKER BLVD,Light Industrial / Manufacturing,Green Roof,400400,1,1852.5,58345.0,14.997750787224472,4631.25,2778.75
115  N EUCLID AV,Light Industrial / Manufacturing,Green Roof,338500,1,1848.768524457449,58277.833440234084,15.010721401911798,4621.921311143623,2773.1527866861734
6501   HALL ST,Other Commercial,Green Roof,568600,2,2967.0,78406.0,15.100582599065916,7417.5,4450.5
601  N BROADWAY,Other Commercial,Green Roof,422400,2,2965.0499999999997,78370.9,15.103749153832625,7412.624999999999,4447.575
100  N JEFFERSON AV,Light Industrial / Manufacturing,Green Roof,446100,2,1818.0,57724.0,15.11970244643512,4545.0,2727.0
5951   ELMBANK AV,General Commercial / Retail,Green Roof,640000,1,2916.0,77488.0,15.184793258867334,7290.0,4374.0
701   MARKET ST,Light Industrial / Manufacturing,Green Roof,4175200,5,1800.0,57400.0,15.185185185185185,4500.0,2700.0
1600   DELMAR BLVD,Light Industrial / Manufacturing,Green Roof,352000,2,1800.0,57400.0,15.185185185185185,4500.0,2700.0
4601   SULPHUR AV,Light Industrial / Manufacturing,Green Roof,355800,1,1800.0,57400.0,15.185185185185185,4500.0,2700.0
507  N 13TH ST,Multi-Family Residential (9+ Units),Green Roof,1091250,1,2868.6325951160106,76635.38671208819,15.265687779021315,7171.581487790027,3657.5065587729136
2101  S KINGSHIGHWAY BLVD,General Commercial / Retail,Green Roof,1042400,1,2850.0,76300.0,15.298245614035087,7125.0,4275.0
2210  S 7TH BLVD,Light Industrial / Manufacturing,Green Roof,319400,2,1768.2,56827.600000000006,15.30412956948417,4420.5,2652.3
2838   MARKET ST,Light Industrial / Manufacturing,Green Roof,772000,2,1764.0,56752.0,15.32015980995573,4410.0,2646.0
4119  N 1ST ST,General Commercial / Retail,Green Roof,597500,1,2823.6,75824.79999999999,15.345111610304977,7059.0,4235.4
110   FERRY ST,Other Commercial,Green Roof,509100,2,2817.0,75706.0,15.35696536335514,7042.5,4225.5
1312   WASHINGTON AV,Multi-Family Residential (9+ Units),Green Roof,1119350,1,2799.3077476812136,75387.53945826185,15.389016806684964,6998.269369203034,3569.117378293547
2600   CHOUTEAU AV,Light Industrial / Manufacturing,Green Roof,482800,1,1740.0,56320.0,15.413245758073344,4350.0,2610.0
2841   GRAVOIS AV,Light Industrial / Manufacturing,Green Roof,343600,1,1740.0,56320.0,15.413245758073344,4350.0,2610.0
4361   OLIVE ST,Light Industrial / Manufacturing,Green Roof,415100,2,1729.05,56122.899999999994,15.456574694884747,4322.625,2593.575
4822   FYLER AV,Light Industrial / Manufacturing,Green Roof,530600,1,1722.0,55996.0,15.484763010895415,4305.0,2583.0
3134  S GRAND BLVD,Other Commercial,Green Roof,467500,1,2730.0,74140.0,15.518576661433805,6825.0,4095.0
2836  S JEFFERSON AV,Light Industrial / Manufacturing,Green Roof,281500,3,1710.0,55780.0,15.533277638540797,4275.0,2565.0
8011   IDAHO AV,General Commercial / Retail,Green Roof,995100,1,2670.0,73060.0,15.636169074371322,6675.0,4005.0
23  S SPRING AV,General Commercial / Retail,Green Roof,891200,2,2658.75,72857.5,15.658808516354355,6646.875,3988.125
1912   HALL ST,General Commercial / Retail,Green Roof,424000,1,2657.1,72827.79999999999,15.662145088361637,6642.75,3985.6499999999996
140   LAFAYETTE AV,General Commercial / Retail,Green Roof,407300,1,2625.6,72260.79999999999,15.726647514581698,6564.0,3938.3999999999996
3108   LOCUST BLVD,Light Industrial / Manufacturing,Green Roof,476200,1,1658.3999999999999,54851.2,15.749890887372798,4146.0,2487.6
2801   LOCUST BLVD,Light Industrial / Manufacturing,Green Roof,301430,2,1637.7,54478.600000000006,15.84062433668589,4094.25,2456.55
2109   LOCUST ST,Light Industrial / Manufacturing,Green Roof,345600,2,1627.5,54295.0,15.886182429961233,4068.75,2441.25
3941   FOREST PARK AV,General Commercial / Retail,Green Roof,821600,2,2550.0,70900.0,15.88795518207283,6375.0,3825.0
301  S EWING AV,General Commercial / Retail,Green Roof,475100,1,2545.2,70813.6,15.89852046429133,6363.0,3817.7999999999997
4059   FOREST PARK AV,Other Commercial,Green Roof,982100,2,2497.5,69955.0,16.005720005720004,6243.75,3746.25
4926   MARYLAND PLAZA,Light Industrial / Manufacturing,Green Roof,1559500,2,1595.3999999999999,53717.2,16.033357808461233,3988.4999999999995,2393.1
2111   SULPHUR AV,Other Commercial,Green Roof,2417000,3,2463.4,69341.20000000001,16.084900080028767,6158.5,3695.1000000000004
3915   WATSON RD,Light Industrial / Manufacturing,Green Roof,508400,2,1581.3,53463.399999999994,16.09989369807241,3953.25,2371.95
101  S 9TH ST,Light Industrial / Manufacturing,Green Roof,5440000,3,1580.3,53445.399999999994,16.104657644871526,3950.75,2370.45
4251   FOREST PARK AV,Light Industrial / Manufacturing,Green Roof,322800,2,1576.2,53371.600000000006,16.124253025661478,3940.5,2364.3
401  S 18TH ST,Other Commercial,Green Roof,921600,2,2400.0,68200.0,16.238095238095237,6000.0,3600.0
6001   CHIPPEWA ST,Light Industrial / Manufacturing,Green Roof,286000,1,1548.0,52864.0,16.261843238587424,3870.0,2322.0
4214   FOREST PARK AV,Light Industrial / Manufacturing,Green Roof,927400,2,1542.3,52761.399999999994,16.29026531185644,3855.75,2313.45
4230   GRAVOIS AV,General Commercial / Retail,Green Roof,1946200,3,2365.2,67573.6,16.325674663574212,5913.0,3547.7999999999997
4251   WEST PINE BLVD,Light Industrial / Manufacturing,Green Roof,1137200,2,1527.45,52494.100000000006,16.365308505149418,3818.625,2291.175
5011   SHREVE AV,Other Commercial,Green Roof,1036500,1,2343.6,67184.79999999999,16.381342501158166,5859.0,3515.3999999999996
2207   SCOTT AV,Light Industrial / Manufacturing,Green Roof,328600,1,1524.0,52432.0,16.382952130983625,3810.0,2286.0
3001   LOCUST BLVD,Light Industrial / Manufacturing,Green Roof,567000,2,1518.75,52337.5,16.409954928473447,3796.875,2278.125
2060   HAMPTON AV,Light Industrial / Manufacturing,Green Roof,364000,1,1512.6,52226.8,16.441825176454294,3781.5,2268.8999999999996
3150  S GRAND BLVD,Other Commercial,Green Roof,555900,1,2316.2999999999997,66693.4,16.453185807414535,5790.749999999999,3474.45
3843   GRAVOIS AV,Other Commercial,Green Roof,3280700,1,2313.0,66634.0,16.46198505342474,5782.5,3469.5
3030   MARKET ST,General Commercial / Retail,Green Roof,347100,1,2299.5,66391.0,16.49824496008449,5748.75,3449.25
1308  N 7TH ST,Light Industrial / Manufacturing,Green Roof,285100,3,1493.8,51888.399999999994,16.540876894337863,3734.5,2240.7
4055   PARK AV,General Commercial / Retail,Green Roof,448000,2,2259.45,65670.1,16.60836549982139,5648.625,3389.1749999999997
6147   DELMAR BLVD,Other Commercial,Green Roof,448300,2,2254.5,65581.0,16.622247568355352,5636.25,3381.75
4121   FOREST PARK AV,General Commercial / Retail,Green Roof,554700,2,2218.2,64927.6,16.725942527403173,5545.5,3327.2999999999997
4162   MANCHESTER AV,Other Commercial,Green Roof,342700,1,2205.0,64690.0,16.764496274700356,5512.5,3307.5
1622   DELMAR BLVD,Light Industrial / Manufacturing,Green Roof,324500,2,1449.0,51082.0,16.787275296592068,3622.5,2173.5
4534   PAPIN ST,Light Industrial / Manufacturing,Green Roof,491800,2,1447.5,51055.0,16.795789127395345,3618.75,2171.25
1216  S 8TH ST,Light Industrial / Manufacturing,Green Roof,804900,2,1440.0,50920.0,16.83862433862434,3600.0,2160.0
4201   LINDELL BLVD,Light Industrial / Manufacturing,Green Roof,675800,2,1440.0,50920.0,16.83862433862434,3600.0,2160.0
179   CARROLL ST,General Commercial / Retail,Green Roof,489500,2,2175.0,64150.0,16.85385878489327,5437.5,3262.5
7400  N BROADWAY,General Commercial / Retail,Green Roof,458600,1,2160.0,63880.0,16.8994708994709,5400.0,3240.0
4210  S KINGSHIGHWAY BLVD,Light Industrial / Manufacturing,Green Roof,317800,1,1429.2,50725.600000000006,16.90109685071902,3573.0,2143.8
5850   ARSENAL ST,Light Industrial / Manufacturing,Green Roof,488900,1,1425.6,50660.8,16.92213136657581,3564.0,2138.3999999999996
4580   LACLEDE AV,Light Industrial / Manufacturing,Green Roof,896900,2,1425.45,50658.100000000006,16.923010110424613,3563.625,2138.175
2601   DELMAR BLVD,Light Industrial / Manufacturing,Green Roof,263600,1,1421.7,50590.600000000006,16.945038970782804,3554.25,2132.55
12   MARYLAND PLAZA,Light Industrial / Manufacturing,Green Roof,773100,2,1421.25,50582.5,16.94769024584328,3553.125,2131.875
3400  S KINGSHIGHWAY BLVD,Light Industrial / Manufacturing,Green Roof,328100,1,1420.2,50563.600000000006,16.953883088230366,3550.5,2130.3
1426   WASHINGTON AV,Light Industrial / Manufacturing,Green Roof,427500,2,1406.25,50312.5,17.037037037037038,3515.625,2109.375
1619   WASHINGTON AV,Multi-Family Residential (9+ Units),Green Roof,1588700,1,2112.0169810405837,63016.3056587305,17.04972916530856,5280.042452601459,2692.8216508267437
2950   OLIVE ST,Light Industrial / Manufacturing,Green Roof,317700,1,1404.0,50272.0,17.050603717270384,3510.0,2106.0
5569   PERSHING AV,Light Industrial / Manufacturing,Green Roof,339700,2,1376.85,49783.3,17.21780392441685,3442.125,2065.2749999999996
800   MARKET ST,Light Industrial / Manufacturing,Green Roof,2802000,6,1374.55,49741.899999999994,17.232271687184202,3436.375,2061.825
900   MARKET ST,Light Industrial / Manufacturing,Green Roof,1287300,6,1374.55,49741.899999999994,17.232271687184202,3436.375,2061.825
315  N 10TH ST,Other Commercial,Green Roof,536370,1,2049.608273530213,61892.94892354383,17.25568726553096,5124.020683825533,3074.412410295319
520  S JEFFERSON AV,General Commercial / Retail,Green Roof,1120600,1,2049.6,61892.799999999996,17.255715400914465,5124.0,3074.3999999999996
701  N 11TH ST,Light Industrial / Manufacturing,Green Roof,361000,1,1367.1054549965809,49607.89818993845,17.27943413255895,3417.7636374914523,2050.658182494871
900   PINE ST,Light Industrial / Manufacturing,Green Roof,1164400,7,1352.3999999999999,49343.2,17.374121491246605,3380.9999999999995,2028.6
5000   MANCHESTER AV,Light Industrial / Manufacturing,Green Roof,298100,2,1337.3999999999999,49073.2,17.472850662621862,3343.4999999999995,2006.1
1001   WASHINGTON AV,Light Industrial / Manufacturing,Green Roof,553700,3,1332.8999999999999,48992.2,17.502902729101244,3332.2499999999995,1999.35
4654   MARYLAND AV,Light Industrial / Manufacturing,Green Roof,641900,2,1330.2,48943.600000000006,17.521031567039692,3325.5,1995.3000000000002
69   MARYLAND PLAZA,Light Industrial / Manufacturing,Green Roof,678600,2,1328.1,48905.8,17.535182735092384,3320.25,1992.1499999999999
920   OLIVE ST,Light Industrial / Manufacturing,Green Roof,477900,1,1324.4123598771657,48839.42247778898,17.560141049063578,3311.0308996929143,1986.6185398157486
4500  N BROADWAY,Other Commercial,Green Roof,803400,1,1963.5,60343.0,17.561351813452653,4908.75,2945.25
4236   LINDELL BLVD,Light Industrial / Manufacturing,Green Roof,294900,2,1320.0,48760.0,17.59018759018759,3300.0,1980.0
5006   SHREVE AV,Other Commercial,Green Roof,577400,2,1946.55,60037.9,17.62470598164518,4866.375,2919.825
1430   OLIVE ST,Light Industrial / Manufacturing,Green Roof,567400,3,1313.3,48639.399999999994,17.63619816311509,3283.25,1969.9499999999998
6725   WALDEMAR AV,Light Industrial / Manufacturing,Green Roof,419200,2,1312.2,48619.600000000006,17.643797040230513,3280.5,1968.3000000000002
1253   HAMPTON AV,Light Industrial / Manufacturing,Green Roof,361100,1,1292.7,48268.600000000006,17.780651055192717,3231.75,1939.0500000000002
4625   LINDELL BLVD,Light Industrial / Manufacturing,Green Roof,2028800,3,1283.1999999999998,48097.6,17.848830305189413,3207.9999999999995,1924.7999999999997
6767   SOUTHWEST AV,General Commercial / Retail,Green Roof,795000,2,1870.05,58660.9,17.92492943275008,4675.125,2805.075
4510  S KINGSHIGHWAY BLVD,Light Industrial / Manufacturing,Green Roof,243240,2,1272.45,47904.100000000006,17.927208291466222,3181.125,1908.6750000000002
1001   LOCUST ST,Light Industrial / Manufacturing,Green Roof,680000,3,1263.0,47734.0,17.997209968706407,3157.5,1894.5
6600   CHIPPEWA ST,Light Industrial / Manufacturing,Green Roof,394400,1,1260.0,47680.0,18.01965230536659,3150.0,1890.0
901  S VANDEVENTER AV,Light Industrial / Manufacturing,Green Roof,429000,1,1260.0,47680.0,18.01965230536659,3150.0,1890.0
1719   LOCUST ST,Light Industrial / Manufacturing,Green Roof,1054400,3,1255.3,47595.399999999994,18.05502763520767,3138.25,1882.9499999999998
5723   MANCHESTER AV,General Commercial / Retail,Green Roof,324700,1,1830.0,57940.0,18.092115534738486,4575.0,2745.0
1201   MACKLIND AV,Other Commercial,Green Roof,2766400,2,1830.0,57940.0,18.092115534738486,4575.0,2745.0
1204   WASHINGTON AV,Multi-Family Residential (9+ Units),Green Roof,760340,1,1819.193393566418,57745.481084195526,18.138488122864175,4547.983483916045,2319.471576797183
840   LOUGHBOROUGH AV,Light Industrial / Manufacturing,Green Roof,356500,1,1238.3999999999999,47291.2,18.184446905377136,3095.9999999999995,1857.6
3100  S GRAND BLVD,Other Commercial,Green Roof,342400,1,1800.0,57400.0,18.22222222222222,4500.0,2700.0
500   OLIVE ST,Light Industrial / Manufacturing,Green Roof,19190100,7,1214.2285714285715,46856.114285714284,18.375811522783142,3035.571428571429,1821.3428571428572
2014   EUGENIA ST,Other Commercial,Green Roof,2472000,3,1758.0,56644.0,18.41183162684869,4395.0,2637.0
3291  S KINGSHIGHWAY BLVD,Other Commercial,Green Roof,950600,1,1757.3999999999999,56633.2,18.414605992618966,4393.5,2636.1
1615  S KINGSHIGHWAY BLVD,Other Commercial,Green Roof,784300,1,1757.3999999999999,56633.2,18.414605992618966,4393.5,2636.1
6691   MANCHESTER AV,Light Industrial / Manufacturing,Green Roof,251100,2,1207.2,46729.600000000006,18.432894695320147,3018.0,1810.8000000000002
3553   ARSENAL ST,Light Industrial / Manufacturing,Green Roof,576100,2,1202.3999999999999,46643.2,18.47226182555524,3005.9999999999995,1803.6
6424   CHIPPEWA ST,Light Industrial / Manufacturing,Green Roof,283400,1,1200.0,46600.0,18.49206349206349,3000.0,1800.0
4130   LINDELL BLVD,Light Industrial / Manufacturing,Green Roof,362000,2,1200.0,46600.0,18.49206349206349,3000.0,1800.0
2166   HAMPTON AV,Other Commercial,Green Roof,597600,1,1732.2,56179.600000000006,18.53286489517872,4330.5,2598.3
6201   MCKISSOCK AV,Other Commercial,Green Roof,2824900,3,1730.1,56141.8,18.542875308611396,4325.25,2595.1499999999996
5570   MANCHESTER AV,General Commercial / Retail,Green Roof,611500,2,1728.1499999999999,56106.7,18.552192476678197,4320.375,2592.225
1520  S VANDEVENTER AV,Light Industrial / Manufacturing,Green Roof,356100,2,1192.5,46465.0,18.55445742238195,2981.25,1788.75
7036   CLAYTON AV,Other Commercial,Green Roof,1140900,2,1725.1499999999999,56052.7,18.56656771046824,4312.875,2587.725
3933   CHOUTEAU AV,General Commercial / Retail,Green Roof,663500,1,1716.0,55888.0,18.61072261072261,4290.0,2574.0
2301   MARKET ST,Light Industrial / Manufacturing,Green Roof,621700,2,1165.8,45984.399999999994,18.78309601418196,2914.5,1748.6999999999998
2100   LOCUST ST,Other Commercial,Green Roof,382300,2,1674.0,55132.0,18.819593787335723,4185.0,2511.0
3506  S BROADWAY,General Commercial / Retail,Green Roof,288000,2,1673.7,55126.600000000006,18.821123430551648,4184.25,2510.55
5262   OAKLAND AV,Light Industrial / Manufacturing,Green Roof,340500,1,1160.7,45892.600000000006,18.827965062134098,2901.75,1741.0500000000002
2185   HAMPTON AV,General Commercial / Retail,Green Roof,525000,2,1671.45,55086.100000000006,18.832613257094998,4178.625,2507.175
4140   FOREST PARK AV,General Commercial / Retail,Green Roof,973800,3,1665.9999999999998,54988.0,18.860572800548795,4164.999999999999,2498.9999999999995
3225   HAMPTON AV,Other Commercial,Green Roof,416400,1,1662.8999999999999,54932.2,18.87655816430848,4157.25,2494.35
1314   WASHINGTON AV,Light Industrial / Manufacturing,Green Roof,611900,2,1147.5,45655.0,18.94594874987032,2868.75,1721.25
1124   BIDDLE ST,Light Industrial / Manufacturing,Green Roof,285600,2,1146.6,45638.8,18.95409201531651,2866.5,1719.8999999999999
5911   HALL ST,General Commercial / Retail,Green Roof,288000,1,1620.0,54160.0,19.104056437389772,4050.0,2430.0
6555   CHIPPEWA ST,Light Industrial / Manufacturing,Green Roof,354700,2,1123.5,45223.0,19.167567338461865,2808.75,1685.25
6607   CHIPPEWA ST,Other Commercial,Green Roof,345600,1,1593.6,53684.8,19.250143430866327,3984.0,2390.3999999999996
5730   ELIZABETH AV,General Commercial / Retail,Green Roof,340600,2,1590.75,53633.5,19.26620417143755,3976.875,2386.125
2745   LOCUST BLVD,Light Industrial / Manufacturing,Green Roof,351200,2,1112.55,45025.899999999994,19.27185723060066,2781.375,1668.8249999999998
1246  S VANDEVENTER AV,Light Industrial / Manufacturing,Green Roof,284400,2,1110.8999999999999,44996.2,19.287750386859216,2777.2499999999995,1666.35
1517  S 8TH ST,Other Commercial,Green Roof,389800,2,1575.0,53350.0,19.356009070294785,3937.5,2362.5
6900   CLAYTON AV,Light Industrial / Manufacturing,Green Roof,376000,2,1101.6,44828.8,19.378220423972063,2754.0,1652.3999999999999
819   CHECKERBOARD SQUARE,Light Industrial / Manufacturing,Green Roof,2067000,5,1101.42,44825.56,19.37998652821336,2753.55,1652.13
4144   LINDELL BLVD,Light Industrial / Manufacturing,Green Roof,394600,3,1100.2,44803.600000000006,19.391972022402854,2750.5,1650.3000000000002
9075   GOODFELLOW BLVD,Light Industrial / Manufacturing,Green Roof,295000,2,1098.6,44774.8,19.407731051641488,2746.5,1647.8999999999999
5558   ENRIGHT AV,General Commercial / Retail,Green Roof,287100,3,1561.8999999999999,53114.2,19.432083634401323,3904.7499999999995,2342.85
4904   MCPHERSON AV,Light Industrial / Manufacturing,Green Roof,672200,2,1095.1499999999999,44712.7,19.441868150264263,2737.8749999999995,1642.725
3207   WASHINGTON BLVD,Light Industrial / Manufacturing,Green Roof,687900,2,1093.05,44674.899999999994,19.462752760406115,2732.625,1639.5749999999998
3965   WEST PINE BLVD,Light Industrial / Manufacturing,Green Roof,866900,2,1091.9972814274781,44655.95106569461,19.47325232798572,2729.993203568695,1637.9959221412173
7350   GRAVOIS AV,Other Commercial,Green Roof,287700,1,1545.8999999999999,52826.2,19.52674817258555,3864.7499999999995,2318.85
25   DOCK ST,Other Commercial,Green Roof,341500,2,1544.3999999999999,52799.2,19.535723535723537,3860.9999999999995,2316.6
8500   HALL ST,Other Commercial,Green Roof,641400,2,1542.0,52756.0,19.550120437279972,3855.0,2313.0
2144   MARKET ST,General Commercial / Retail,Green Roof,406100,3,1539.6,52712.8,19.564562223954276,3849.0,2309.3999999999996
500   SIDNEY ST,Light Industrial / Manufacturing,Green Roof,850600,1,1080.0,44440.0,19.594356261022927,2700.0,1620.0
4222   HAMPTON AV,Other Commercial,Green Roof,282900,1,1530.0,52540.0,19.62278244631186,3825.0,2295.0
4600   GOODFELLOW BLVD,Other Commercial,Green Roof,635700,2,1512.0,52216.0,19.733938019652307,3780.0,2268.0
4500   GOODFELLOW BLVD,Other Commercial,Green Roof,550700,2,1512.0,52216.0,19.733938019652307,3780.0,2268.0
900   OLIVE ST,Light Industrial / Manufacturing,Green Roof,1209100,4,1062.1499999999999,44118.7,19.779602468488218,2655.3749999999995,1593.225
3801   HAMPTON AV,Other Commercial,Green Roof,419100,1,1500.0,52000.0,19.80952380952381,3750.0,2250.0
4200  S KINGSHIGHWAY BLVD,Other Commercial,Green Roof,395400,1,1499.1,51983.8,19.815241525867904,3747.75,2248.6499999999996
312  N 8TH ST,Light Industrial / Manufacturing,Green Roof,290240,1,1050.6020632539978,43910.837138571966,19.902799716740862,2626.5051581349944,1575.9030948809968
5600   WEST PARK AV,General Commercial / Retail,Green Roof,282400,2,1482.0,51676.0,19.925197609408137,3705.0,2223.0
525  S JEFFERSON AV,Other Commercial,Green Roof,2441100,3,1474.5,51541.0,19.974228552051542,3686.25,2211.75
